dni_worker;id_app
00140678l;9
00140678l;64
00404819o;107
00521001x;3
00632987c;10
00632987c;84
00689969p;42
01079556r;41
01100336i;83
01406766k;57
01444459p;87
01813820w;133
01853508i;143
02030381p;39
02205467r;45
02275028k;44
02354650s;36
02354650s;135
02925911f;57
03284636i;119
03431434k;8
03763040k;109
03996297y;44
04167986y;101
04544965x;125
04625384w;56
04625384w;112
04732283w;113
05172660b;61
05190016p;40
05190016p;115
05190016p;125
05327712w;101
05327712w;106
05556455x;13
05615646n;88
05761946g;117
05876697b;108
05885601r;56
05885601r;149
05954790t;103
05990809r;133
06150088h;113
06235429q;75
06311623t;53
06311623t;77
06346184j;10
06453548t;129
06453548t;148
06982020w;68
06993031r;81
06993031r;106
06993031r;116
07240889l;33
07279409r;27
07436387a;82
07594597x;44
07594597x;52
07684752t;96
07684752t;129
07695854x;22
07745903t;52
08001146n;106
08058508v;143
08418855r;137
08743460j;109
09173162x;42
09327817d;16
09417261z;29
09419892m;21
09436472e;76
09677443n;29
09677443n;68
09677443n;135
09713063d;130
09743032m;121
09743032m;142
09777206l;112
09911678m;38
09911678m;61
09911678m;134
09988514r;102
09988514r;134
10383762k;12
10616041e;7
10616041e;53
10922744k;65
11172880a;29
11172880a;86
11190683e;36
11233631d;33
11481111x;65
11580993b;69
11771903x;83
11880222z;12
11880222z;125
11957954l;26
13278211q;10
13278211q;135
13359092r;81
13359092r;104
13784008i;3
14222929d;93
14323630d;70
14343250k;135
14609539w;96
14609539w;100
14609539w;127
14697027w;54
14873014g;19
15044381o;80
15349466o;60
15349466o;123
15569695i;27
15569695i;126
16318831k;12
17108193a;142
17195521e;20
17195521e;65
17394930f;8
17394930f;149
17501138m;59
18126887x;50
18150202c;64
18365638d;114
18419370e;47
18419370e;109
18522217r;98
18522217r;102
18806231w;19
18854600h;139
19157340f;30
19179685n;137
19482808b;89
19727171k;49
19868117c;74
20165252n;87
20165252n;110
20242923y;15
20293308r;147
20699754f;133
21188611n;77
21339661q;138
21896228m;59
22118769r;116
22142800x;48
22142800x;74
22142800x;77
22258870e;136
22265658z;147
22608185j;10
22768211b;130
22768211b;134
22933194n;34
23654071f;40
23661859y;43
23758888i;118
23840198q;19
24062878z;48
24124961a;98
24169604g;94
24213866x;5
24287040u;78
24289755z;27
24572940b;28
24572940b;67
24710920f;79
24710920f;116
24887830m;136
25171414b;44
25171414b;49
25197902d;26
25628552c;2
25628552c;62
25628552c;90
25628552c;150
25778855o;97
25839795e;12
25940209c;16
25940209c;147
26112262o;72
26264744w;65
26264744w;123
26264744w;139
26267352e;131
26284077z;78
26540085h;102
26560259t;44
26645904z;67
26645904z;98
26645904z;140
26676340u;14
26938895p;31
26938895p;56
27176075n;113
28171710e;111
28171710e;137
28281765s;2
28961311n;11
29337161w;107
29421605k;91
30621368a;129
30718228j;38
30749487p;3
30787402r;10
30787402r;32
31392780z;31
31736590r;145
31861602x;108
31861602x;129
31970442s;40
32241770m;103
32363258b;3
32528406c;19
32528406c;51
32743592w;117
32743592w;126
32910362z;99
33016749g;116
33105296v;141
33193303g;101
33666423q;7
33666423q;129
34523264o;41
34656767d;73
34907524p;31
34907524p;46
35426481u;64
35426481u;132
35474515y;6
35474515y;23
35474515y;56
35474515y;102
35557178c;55
35597939q;34
35597939q;40
35597939q;112
35597939q;119
35755101n;79
35821821m;134
35868090c;17
35920230r;81
36061880q;2
36061880q;145
36266244u;89
36396638p;57
36396638p;86
36608782c;82
36608782c;150
36628399x;97
36630314i;57
36639734h;47
36736837i;76
36909730s;105
37254097s;35
37254097s;144
37320939u;16
37362047g;142
37403725m;120
37448059a;4
37448059a;111
37448059a;145
37631886m;53
37948294p;133
38124929a;72
38493851q;101
38576807m;43
38576807m;98
38576807m;124
38862869e;30
38862869e;64
38905341g;89
39364678h;12
39364678h;91
39659812v;38
39659812v;128
39694787i;54
39919244o;100
39923328k;13
39932827m;67
40012596v;4
40099398k;59
40354217a;16
40717072k;139
41012665t;129
41063993k;23
41063993k;31
41286434i;63
41286434i;128
41320141l;87
41466014r;14
41811861g;16
41811861g;133
42142775g;113
42339446h;117
42579436c;150
42955011t;66
42955011t;111
43110561c;62
43110561c;87
43140906x;130
43359013e;6
43425954r;23
43960289q;49
44014179m;137
44275917v;58
44275917v;140
44515639e;55
44556194x;30
44595952p;65
44595952p;100
44926217r;69
44935153m;135
44935153m;150
45156269l;144
45233411i;126
45362959h;53
46049298q;106
46074275a;84
46303955h;10
46561137q;60
46772458k;36
46798893m;137
46940917w;123
46956729b;130
47261760y;67
47392146z;144
47664453v;26
47899378l;59
48113496s;126
48161933b;124
48187885l;97
48670662i;138
49119271u;104
49415846g;71
49588560v;51
49754129v;37
49817972g;3
50030074s;121
50030074s;137
50090217o;35
50259424i;134
50726079b;58
50726079b;139
51004097u;81
51004097u;115
51229840m;62
51229840m;72
52041517v;24
52041517v;94
52041517v;122
52135512h;74
52386163t;91
52602905j;64
52702381v;18
52702381v;50
52702381v;94
52843806w;92
53212017a;62
53356554h;111
53431413l;31
53431413l;33
53431413l;145
53431413l;149
53448418l;18
53448418l;66
53448418l;79
53448418l;96
53636427k;44
53799947c;19
53799947c;36
53881561v;150
54405211q;8
54662101n;12
54814645k;145
54838444u;95
54902067z;55
54902067z;124
55282917k;133
55709699g;61
55709699g;67
55709699g;85
55709699g;93
55853711p;27
56563675n;21
56690981w;97
56690981w;116
56932634w;24
56981825y;28
56981825y;117
57074181r;70
57106798x;145
57117133k;84
57117133k;116
57207228b;1
57207228b;76
57510103l;4
57510103l;78
57871482x;42
57997893d;69
58102986y;42
58102986y;51
58102986y;97
58191026h;70
58191026h;89
58633211h;38
58633211h;50
58704947w;134
58844914h;89
58872053e;26
59361279d;145
59595155t;33
59618986d;58
59618986d;60
59790813h;119
59808542n;72
59808542n;126
60258907c;55
60258907c;99
60883294h;44
60964908u;119
61046401o;47
61046401o;128
61046401o;130
61247864n;55
61569318v;34
61939407x;38
61968785v;51
61968785v;56
62112726d;123
62220780h;115
62594145p;94
62594145p;141
62594145p;150
62731641j;1
62731641j;146
62837290u;96
62978470l;1
63000671q;71
63212260p;2
63295094l;32
63407303f;120
63619644n;139
64299481x;23
64299481x;71
64299481x;82
64475668m;54
64475668m;68
64475668m;80
64790714a;121
64829327h;99
65466397c;33
65651086t;125
65651086t;147
66181032l;112
66540157w;86
66540157w;111
66723244b;48
67064658h;7
67231521s;17
67234311u;24
67261779y;74
67458807i;42
67573629e;50
67675437e;45
67675437e;94
67675437e;133
68017219n;42
68017219n;80
68017219n;122
68152576l;60
68152576l;104
68574092x;15
69060352e;34
69220496v;149
69376048i;45
69439388i;88
69439388i;106
69441086j;20
69754047a;35
69754047a;41
69754047a;117
69754691v;6
69754691v;71
69864382i;146
69873567x;25
69873567x;90
70180591r;115
70359217t;83
70408321g;69
70408321g;129
70856111p;74
71025515j;91
71085869l;5
71450853t;30
71507719q;10
71544630j;63
72129920p;24
72129920p;39
72327012p;42
72395189i;68
72415496t;149
72454328s;140
72526183j;93
72720838t;75
73859319a;26
74109491o;92
74247578d;65
74247578d;125
74495074a;18
74495074a;51
74594639d;43
74820076h;4
74820076h;95
74820076h;122
74820076h;135
74921069o;15
74921069o;80
75299935b;88
75299935b;115
75892298z;120
75944493u;111
76045891q;9
76045891q;42
76086607e;56
76143015i;23
76441313c;122
76720023q;35
76734239s;120
76734239s;148
76961442x;21
77137881r;45
77459559y;1
77459559y;51
77662822m;87
77701407a;108
77745134m;32
77745134m;143
77815588w;17
78310123y;19
78310123y;56
78310123y;70
78379746i;32
78518489g;46
78518489g;130
78640115o;64
78640115o;138
78664477j;76
78933636c;62
79009126e;112
79057780u;116
79076174t;69
79076174t;130
79207611m;31
79207611m;71
79414439k;84
79414439k;91
79414439k;116
79464598g;143
79568639b;101
79819053e;65
79819053e;80
80029713t;119
80035574x;138
80598879r;137
80637165g;42
80637165g;98
80734480t;34
81099510s;72
81099510s;149
81160540e;110
81160540e;132
81256337i;94
81256337i;99
81317908a;4
81453367a;90
81614459d;14
81614459d;48
81763774p;15
81763774p;99
81893413p;29
81948306p;34
82249082e;42
82459809a;66
82459809a;92
82532700w;122
82532700w;142
82559311r;5
83021421c;139
83096700f;7
83133915w;43
83133915w;94
83151264i;30
83394238g;137
83402390t;76
83641817z;7
83674431r;141
85103682n;94
85103682n;149
85579429l;39
85579429l;90
86127761g;51
86528892c;139
86528892c;141
86648874e;19
86648874e;87
86665972q;127
86787238w;67
86789545a;20
86791283z;19
86929165h;101
87049600k;97
87123570l;16
87186758d;99
87209277s;123
87503811j;17
87603138j;36
87603138j;52
87603138j;83
87659748f;92
87659748f;125
87831846k;121
87866542f;55
88179295y;51
88343737w;4
88599094w;99
88665507e;3
88677553x;136
88751078v;99
88760617u;109
88760617u;147
88829261u;19
89215826g;8
89353973h;11
89353973h;48
89652367n;41
89799218v;87
89864378s;6
89864378s;8
89864378s;61
90341752t;128
90656993a;9
90888205p;2
91134456y;116
91403006r;72
91411053c;94
91435974y;84
91747724u;64
92068647s;13
92068647s;80
92068647s;146
92241381p;76
92241381p;109
92712428a;40
92712428a;134
93092248t;22
93590410r;108
93661585g;101
93690555w;142
93708511r;128
93760844r;80
93760844r;86
93914201z;99
94354175t;92
94356138x;130
94385936k;113
94896348e;2
94896348e;129
95045558f;25
95099927n;58
95163923h;1
95198869u;102
95480439k;62
95480439k;68
95532364s;105
95760902f;23
95810385m;13
95858453v;9
96304923a;29
96304923a;55
96632801l;78
97135333m;138
97311657v;4
97493322j;84
97501457z;44
97845633u;65
97845633u;108
98071742n;39
98360713p;30
98360713p;92
98471518b;21
99321475y;1
99321475y;14
99471114n;77
99478933d;126
99524181y;75
99524181y;120
99800837i;94
99807503j;17
99955707q;10